device_id,date,odometer_value,km_travelled
b619C,2020-01-01,179334,168
b619C,2020-01-02,179508,173
b619C,2020-01-03,179508,0
b619C,2020-01-04,179681,173
b619C,2020-01-05,179895,214
b619C,2020-01-06,180085,189
b619C,2020-01-07,180313,228
b619C,2020-01-08,180514,200
b619C,2020-01-09,180700,186
b619C,2020-01-10,180879,178
b619C,2020-01-11,181053,174
b619C,2020-01-12,181267,214
b619C,2020-01-13,181501,233
b619C,2020-01-14,181687,186
b619C,2020-01-15,181882,195
b619C,2020-01-16,182088,205
b619C,2020-01-17,182280,191
b619C,2020-01-18,182479,198
b619C,2020-01-19,182702,223
b619C,2020-01-20,182928,226
b619C,2020-01-21,183123,194
b619C,2020-01-22,183311,187
b619C,2020-01-23,183504,193
b619C,2020-01-24,183710,205
b619C,2020-01-25,183891,181
b619C,2020-01-26,184091,199
b619C,2020-01-27,184319,228
b619C,2020-01-28,184505,185
b619C,2020-01-29,184721,215
b619C,2020-01-30,184922,200
b619C,2020-01-31,185130,208
b619C,2020-02-01,185354,223
b619C,2020-02-02,185533,179
b619C,2020-02-03,185533,0
b619C,2020-02-04,185750,216
b619C,2020-02-05,185946,196
b619C,2020-02-06,186138,191
b619C,2020-02-07,186338,200
b619C,2020-02-08,186338,0
b619C,2020-02-09,186532,194
b619C,2020-02-10,186717,184
b619C,2020-02-11,186902,185
b619C,2020-02-12,187113,210
b619C,2020-02-13,187310,197
b619C,2020-02-14,187496,185
b619C,2020-02-15,187720,224
b619C,2020-02-16,187917,196
b619C,2020-02-17,188131,214
b619C,2020-02-18,188343,211
b619C,2020-02-19,188566,223
b619C,2020-02-20,188758,191
b619C,2020-02-21,188929,170
b619C,2020-02-22,189133,204
b619C,2020-02-23,189313,180
b619C,2020-02-24,189515,201
b619C,2020-02-25,189736,221
b619C,2020-02-26,189920,184
b619C,2020-02-27,190130,210
b619C,2020-02-28,190332,201
b619C,2020-02-29,190568,235
b619C,2020-03-01,190757,189
b619C,2020-03-02,190980,223
b619C,2020-03-03,191222,242
b619C,2020-03-04,191443,221
b619C,2020-03-05,191628,185
b619C,2020-03-06,191826,197
b619C,2020-03-07,192017,190
b619C,2020-03-08,192194,177
b619C,2020-03-09,192194,0
b619C,2020-03-10,192397,203
b619C,2020-03-11,192606,208
b619C,2020-03-12,192831,225
b619C,2020-03-13,193042,210
b619C,2020-03-14,193212,169
b619C,2020-03-15,193392,179
b619C,2020-03-16,193589,197
b619C,2020-03-17,193787,197
b619C,2020-03-18,193976,188
b619C,2020-03-19,194180,204
b619C,2020-03-20,194382,201
b619C,2020-03-21,194585,202
b619C,2020-03-22,194784,199
b619C,2020-03-23,194975,191
b619C,2020-03-24,194975,0
b619C,2020-03-25,195149,174
b619C,2020-03-26,195324,175
b619C,2020-03-27,195545,220
b619C,2020-03-28,195545,0
b619C,2020-03-29,195744,199
b619C,2020-03-30,195959,214
b619C,2020-03-31,196199,239
b619C,2020-04-01,196398,199
b619C,2020-04-02,196585,187
b619C,2020-04-03,196801,215
b619C,2020-04-04,197019,218
b619C,2020-04-05,197240,220
b619C,2020-04-06,197454,214
b619C,2020-04-07,197677,222
b619C,2020-04-08,197929,252
b619C,2020-04-09,198100,171
b619C,2020-04-10,198300,200
b619C,2020-04-11,198300,0
b619C,2020-04-12,198496,195
b619C,2020-04-13,198715,219
b619C,2020-04-14,198907,191
b619C,2020-04-15,199086,179
b619C,2020-04-16,199292,205
b619C,2020-04-17,199496,203
b619C,2020-04-18,199692,195
b619C,2020-04-19,199855,163
b619C,2020-04-20,200038,183
b619C,2020-04-21,200210,171
b619C,2020-04-22,200419,208
b619C,2020-04-23,200653,234
b619C,2020-04-24,200848,195
b619C,2020-04-25,200848,0
b619C,2020-04-26,201046,198
b619C,2020-04-27,201251,205
b619C,2020-04-28,201251,0
b619C,2020-04-29,201251,0
b619C,2020-04-30,201444,193
b619C,2020-05-01,201643,198
b619C,2020-05-02,201851,207
b619C,2020-05-03,202032,181
b619C,2020-05-04,202226,194
b619C,2020-05-05,202394,167
b619C,2020-05-06,202394,0
b619C,2020-05-07,202614,220
b619C,2020-05-08,202836,221
b619C,2020-05-09,203026,190
b619C,2020-05-10,203264,237
b619C,2020-05-11,203464,199
b619C,2020-05-12,203648,184
b619C,2020-05-13,203860,212
b619C,2020-05-14,203860,0
b619C,2020-05-15,204091,230
b619C,2020-05-16,204285,193
b619C,2020-05-17,204460,175
b619C,2020-05-18,204670,209
b619C,2020-05-19,204869,198
b619C,2020-05-20,204869,0
b619C,2020-05-21,205071,202
b619C,2020-05-22,205278,206
b619C,2020-05-23,205480,201
b619C,2020-05-24,205681,201
b619C,2020-05-25,205865,184
b619C,2020-05-26,206059,193
b619C,2020-05-27,206265,206
b619C,2020-05-28,206480,214
b619C,2020-05-29,206670,190
b619C,2020-05-30,206869,198
b619C,2020-05-31,206869,0
b619C,2020-06-01,207058,189
b619C,2020-06-02,207281,222
b619C,2020-06-03,207490,209
b619C,2020-06-04,207695,205
b619C,2020-06-05,207879,183
b619C,2020-06-06,208102,223
b619C,2020-06-07,208316,213
b619C,2020-06-08,208496,180
b619C,2020-06-09,208726,230
b619C,2020-06-10,208907,180
b619C,2020-06-11,209123,215
b619C,2020-06-12,209326,203
b619C,2020-06-13,209510,184
b619C,2020-06-14,209688,177
b619C,2020-06-15,209688,0
b619C,2020-06-16,209852,163
b619C,2020-06-17,210075,223
b619C,2020-06-18,210258,183
b619C,2020-06-19,210427,169
b619C,2020-06-20,210614,186
b619C,2020-06-21,210804,189
b619C,2020-06-22,211006,202
b619C,2020-06-23,211210,204
b619C,2020-06-24,211430,220
b619C,2020-06-25,211619,188
b619C,2020-06-26,211805,186
b619C,2020-06-27,212019,213
b619C,2020-06-28,212235,215
b619C,2020-06-29,212414,179
b619C,2020-06-30,212414,0
b619C,2020-07-01,212603,188
b619C,2020-07-02,212806,202
b619C,2020-07-03,213002,196
b619C,2020-07-04,213200,198
b619C,2020-07-05,213397,196
b619C,2020-07-06,213612,215
b619C,2020-07-07,213818,206
b619C,2020-07-08,213994,176
b619C,2020-07-09,214200,205
b619C,2020-07-10,214404,203
b619C,2020-07-11,214596,192
b619C,2020-07-12,214789,193
b619C,2020-07-13,214984,194
b619C,2020-07-14,215172,187
b619C,2020-07-15,215373,201
b619C,2020-07-16,215550,177
b619C,2020-07-17,215767,216
b619C,2020-07-18,215767,0
b619C,2020-07-19,215960,193
b619C,2020-07-20,215960,0
b619C,2020-07-21,216158,198
b619C,2020-07-22,216354,196
b619C,2020-07-23,216570,215
b619C,2020-07-24,216785,215
b619C,2020-07-25,216968,183
b619C,2020-07-26,217147,178
b619C,2020-07-27,217147,0
b619C,2020-07-28,217340,193
b619C,2020-07-29,217340,0
b619C,2020-07-30,217541,201
b619C,2020-07-31,217738,196
b619C,2020-08-01,217905,167
b619C,2020-08-02,217905,0
b619C,2020-08-03,218057,151
b619C,2020-08-04,218265,208
b619C,2020-08-05,218473,207
b619C,2020-08-06,218689,216
b619C,2020-08-07,218876,187
b619C,2020-08-08,219103,226
b619C,2020-08-09,219103,0
b619C,2020-08-10,219306,203
b619C,2020-08-11,219488,181
b619C,2020-08-12,219685,197
b619C,2020-08-13,219873,188
b619C,2020-08-14,220104,230
b619C,2020-08-15,220314,210
b619C,2020-08-16,220516,201
b619C,2020-08-17,220741,225
b619C,2020-08-18,220934,192
b619C,2020-08-19,221147,212
b619C,2020-08-20,221147,0
b619C,2020-08-21,221147,0
b619C,2020-08-22,221360,213
b619C,2020-08-23,221589,228
b619C,2020-08-24,221802,213
b619C,2020-08-25,221992,190
b619C,2020-08-26,222215,223
b619C,2020-08-27,222384,168
b619C,2020-08-28,222384,0
b619C,2020-08-29,222577,193
b619C,2020-08-30,222782,204
b619C,2020-08-31,222992,210
b619C,2020-09-01,223152,160
b619C,2020-09-02,223365,212
b619C,2020-09-03,223550,184
b619C,2020-09-04,223739,189
b619C,2020-09-05,223739,0
b619C,2020-09-06,223937,198
b619C,2020-09-07,224147,209
b619C,2020-09-08,224382,234
b619C,2020-09-09,224602,220
b619C,2020-09-10,224795,192
b619C,2020-09-11,225009,214
b619C,2020-09-12,225232,222
b619C,2020-09-13,225471,239
b619C,2020-09-14,225716,245
b619C,2020-09-15,225929,213
b619C,2020-09-16,226115,186
b619C,2020-09-17,226115,0
b619C,2020-09-18,226279,163
b619C,2020-09-19,226480,201
b619C,2020-09-20,226669,188
b619C,2020-09-21,226849,180
b619C,2020-09-22,227023,173
b619C,2020-09-23,227192,168
b619C,2020-09-24,227430,238
b619C,2020-09-25,227638,207
b619C,2020-09-26,227825,187
b619C,2020-09-27,227825,0
b619C,2020-09-28,228029,203
b619C,2020-09-29,228238,209
b619C,2020-09-30,228458,220
b619C,2020-10-01,228651,193
b619C,2020-10-02,228864,212
b619C,2020-10-03,229064,200
b619C,2020-10-04,229255,190
b619C,2020-10-05,229490,235
b619C,2020-10-06,229682,191
b619C,2020-10-07,229922,239
b619C,2020-10-08,230135,213
b619C,2020-10-09,230360,225
b619C,2020-10-10,230538,178
b619C,2020-10-11,230727,188
b619C,2020-10-12,230896,169
b619C,2020-10-13,231115,218
b619C,2020-10-14,231333,217
b619C,2020-10-15,231524,191
b619C,2020-10-16,231706,182
b619C,2020-10-17,231899,193
b619C,2020-10-18,232127,227
b619C,2020-10-19,232307,180
b619C,2020-10-20,232539,231
b619C,2020-10-21,232539,0
b619C,2020-10-22,232758,218
b619C,2020-10-23,232956,198
b619C,2020-10-24,233155,199
b619C,2020-10-25,233155,0
b619C,2020-10-26,233372,216
b619C,2020-10-27,233564,191
b619C,2020-10-28,233755,191
b619C,2020-10-29,233961,206
b619C,2020-10-30,234157,195
b619C,2020-10-31,234340,182
b619C,2020-11-01,234519,179
b619C,2020-11-02,234519,0
b619C,2020-11-03,234714,195
b619C,2020-11-04,234953,239
b619C,2020-11-05,235126,173
b619C,2020-11-06,235314,187
b619C,2020-11-07,235515,201
b619C,2020-11-08,235714,199
b619C,2020-11-09,235714,0
b619C,2020-11-10,235932,217
b619C,2020-11-11,236110,178
b619C,2020-11-12,236303,192
b619C,2020-11-13,236494,191
b619C,2020-11-14,236652,157
b619C,2020-11-15,236885,233
b619C,2020-11-16,237105,219
b619C,2020-11-17,237105,0
b619C,2020-11-18,237325,220
b619C,2020-11-19,237525,200
b619C,2020-11-20,237730,204
b619C,2020-11-21,237890,160
b619C,2020-11-22,238069,178
b619C,2020-11-23,238291,221
b619C,2020-11-24,238493,201
b619C,2020-11-25,238675,181
b619C,2020-11-26,238865,190
b619C,2020-11-27,239050,185
b619C,2020-11-28,239233,182
b619C,2020-11-29,239459,225
b619C,2020-11-30,239661,202
b619C,2020-12-01,239903,242
b619C,2020-12-02,240106,202
b619C,2020-12-03,240300,194
b619C,2020-12-04,240300,0
b619C,2020-12-05,240495,195
b619C,2020-12-06,240495,0
b619C,2020-12-07,240700,204
b619C,2020-12-08,240700,0
b619C,2020-12-09,240893,192
b619C,2020-12-10,241093,200
b619C,2020-12-11,241297,203
b619C,2020-12-12,241485,188
b619C,2020-12-13,241660,174
b619C,2020-12-14,241857,196
b619C,2020-12-15,242063,206
b619C,2020-12-16,242268,205
b619C,2020-12-17,242480,212
b619C,2020-12-18,242676,195
b619C,2020-12-19,242877,201
b619C,2020-12-20,243051,173
b619C,2020-12-21,243248,197
b619C,2020-12-22,243416,167
b619C,2020-12-23,243597,181
b619C,2020-12-24,243792,194
b619C,2020-12-25,243942,149
b619C,2020-12-26,244103,160
b619C,2020-12-27,244329,226
b619C,2020-12-28,244329,0
b619C,2020-12-29,244544,214
b619C,2020-12-30,244769,225
b619C,2020-12-31,244957,188
b619C,2021-01-01,245165,207
b619C,2021-01-02,245376,211
b619C,2021-01-03,245577,200
b619C,2021-01-04,245778,201
b619C,2021-01-05,245984,205
b619C,2021-01-06,246159,175
b619C,2021-01-07,246383,224
b619C,2021-01-08,246579,195
b619C,2021-01-09,246781,202
b619C,2021-01-10,246985,203
b619C,2021-01-11,247176,191
b619C,2021-01-12,247403,226
b619C,2021-01-13,247608,204
b619C,2021-01-14,247790,182
b619C,2021-01-15,247983,192
b619C,2021-01-16,248197,214
b619C,2021-01-17,248375,177
b619C,2021-01-18,248574,199
b619C,2021-01-19,248746,171
b619C,2021-01-20,248950,204
b619C,2021-01-21,249179,228
b619C,2021-01-22,249385,206
b619C,2021-01-23,249580,194
b619C,2021-01-24,249796,216
b619C,2021-01-25,250020,223
b619C,2021-01-26,250220,200
b619C,2021-01-27,250436,216
b619C,2021-01-28,250599,162
b619C,2021-01-29,250794,194
b619C,2021-01-30,250949,155
b619C,2021-01-31,251135,185
b619C,2021-02-01,251300,165
b619C,2021-02-02,251300,0
b619C,2021-02-03,251539,238
b619C,2021-02-04,251716,176
b619C,2021-02-05,251910,194
b619C,2021-02-06,252125,215
b619C,2021-02-07,252328,202
b619C,2021-02-08,252510,181
b619C,2021-02-09,252687,177
b619C,2021-02-10,252866,179
b619C,2021-02-11,253102,235
b619C,2021-02-12,253321,219
b619C,2021-02-13,253523,202
b619C,2021-02-14,253694,170
b619C,2021-02-15,253893,198
b619C,2021-02-16,254085,192
b619C,2021-02-17,254291,205
b619C,2021-02-18,254541,250
b619C,2021-02-19,254745,204
b619C,2021-02-20,254967,222
b619C,2021-02-21,255163,195
b619C,2021-02-22,255163,0
b619C,2021-02-23,255354,191
b619C,2021-02-24,255536,181
b619C,2021-02-25,255778,242
b619C,2021-02-26,255970,192
b619C,2021-02-27,256200,229
b619C,2021-02-28,256382,182
b619C,2021-03-01,256382,0
b619C,2021-03-02,256598,216
b619C,2021-03-03,256598,0
b619C,2021-03-04,256806,208
b619C,2021-03-05,257020,213
b619C,2021-03-06,257182,161
b619C,2021-03-07,257414,232
b619C,2021-03-08,257632,218
b619C,2021-03-09,257832,199
b619C,2021-03-10,258044,212
b619C,2021-03-11,258249,205
b619C,2021-03-12,258431,182
b619C,2021-03-13,258651,219
b619C,2021-03-14,258868,216
b619C,2021-03-15,259097,228
b619C,2021-03-16,259278,181
b619C,2021-03-17,259477,199
b619C,2021-03-18,259661,184
b619C,2021-03-19,259863,201
b619C,2021-03-20,260048,184
b619C,2021-03-21,260266,218
b619C,2021-03-22,260266,0
b619C,2021-03-23,260466,199
b619C,2021-03-24,260688,221
b619C,2021-03-25,260901,213
b619C,2021-03-26,261106,204
b619C,2021-03-27,261293,186
b619C,2021-03-28,261495,202
b619C,2021-03-29,261722,227
b619C,2021-03-30,261910,187
b619C,2021-03-31,262142,231
b619C,2021-04-01,262354,212
b619C,2021-04-02,262546,192
b619C,2021-04-03,262546,0
b619C,2021-04-04,262750,203
b619C,2021-04-05,262969,218
b619C,2021-04-06,263191,222
b619C,2021-04-07,263381,190
b619C,2021-04-08,263583,202
b619C,2021-04-09,263583,0
b619C,2021-04-10,263781,197
b619C,2021-04-11,263955,174
b619C,2021-04-12,264153,197
b619C,2021-04-13,264153,0
b619C,2021-04-14,264365,212
b619C,2021-04-15,264539,174
b619C,2021-04-16,264539,0
b619C,2021-04-17,264539,0
b619C,2021-04-18,264775,235
b619C,2021-04-19,264983,208
b619C,2021-04-20,265170,186
b619C,2021-04-21,265388,217
b619C,2021-04-22,265604,216
b619C,2021-04-23,265796,191
b619C,2021-04-24,266016,220
b619C,2021-04-25,266216,199
b619C,2021-04-26,266431,214
b619C,2021-04-27,266637,206
b619C,2021-04-28,266864,227
b619C,2021-04-29,267097,232
b619C,2021-04-30,267281,184
b619C,2021-05-01,267491,210
b619C,2021-05-02,267667,176
b619C,2021-05-03,267868,201
b619C,2021-05-04,268096,227
b619C,2021-05-05,268323,226
b619C,2021-05-06,268505,181
b619C,2021-05-07,268726,221
b619C,2021-05-08,268948,222
b619C,2021-05-09,269147,198
b619C,2021-05-10,269347,200
b619C,2021-05-11,269549,202
b619C,2021-05-12,269549,0
b619C,2021-05-13,269758,208
b619C,2021-05-14,269989,231
b619C,2021-05-15,269989,0
b619C,2021-05-16,270206,216
b619C,2021-05-17,270423,216
b619C,2021-05-18,270599,176
b619C,2021-05-19,270760,161
b619C,2021-05-20,270936,176
b619C,2021-05-21,271133,196
b619C,2021-05-22,271349,215
b619C,2021-05-23,271572,222
b619C,2021-05-24,271759,187
b619C,2021-05-25,271964,205
b619C,2021-05-26,272180,216
b619C,2021-05-27,272386,206
b619C,2021-05-28,272386,0
b619C,2021-05-29,272597,211
b619C,2021-05-30,272740,142
b619C,2021-05-31,272953,212
b619C,2021-06-01,273149,196
b619C,2021-06-02,273346,197
b619C,2021-06-03,273519,173
b619C,2021-06-04,273738,218
b619C,2021-06-05,273985,247
b619C,2021-06-06,273985,0
b619C,2021-06-07,274205,219
b619C,2021-06-08,274410,205
b619C,2021-06-09,274639,229
b619C,2021-06-10,274832,192
b619C,2021-06-11,275023,191
b619C,2021-06-12,275258,234
b619C,2021-06-13,275454,196
b619C,2021-06-14,275660,205
b619C,2021-06-15,275851,191
b619C,2021-06-16,276045,193
b619C,2021-06-17,276268,223
b619C,2021-06-18,276477,209
b619C,2021-06-19,276702,224
b619C,2021-06-20,276888,185
b619C,2021-06-21,277101,212
b619C,2021-06-22,277303,202
b619C,2021-06-23,277509,205
b619C,2021-06-24,277698,188
b619C,2021-06-25,277901,202
b619C,2021-06-26,277901,0
b619C,2021-06-27,278139,238
b619C,2021-06-28,278388,249
b619C,2021-06-29,278388,0
b619C,2021-06-30,278556,168
b619C,2021-07-01,278789,232
b619C,2021-07-02,279005,215
b619C,2021-07-03,279182,176
b619C,2021-07-04,279371,189
b619C,2021-07-05,279549,178
b619C,2021-07-06,279758,208
b619C,2021-07-07,279955,196
b619C,2021-07-08,280145,190
b619C,2021-07-09,280145,0
b619C,2021-07-10,280351,206
b619C,2021-07-11,280530,179
b619C,2021-07-12,280732,201
b619C,2021-07-13,280947,215
b619C,2021-07-14,281155,207
b619C,2021-07-15,281366,211
b619C,2021-07-16,281590,223
b619C,2021-07-17,281793,203
b619C,2021-07-18,281793,0
b619C,2021-07-19,281998,204
b619C,2021-07-20,282172,174
b619C,2021-07-21,282374,202
b619C,2021-07-22,282561,186
b619C,2021-07-23,282762,201
b619C,2021-07-24,283000,238
b619C,2021-07-25,283218,217
b619C,2021-07-26,283397,178
b619C,2021-07-27,283600,203
b619C,2021-07-28,283769,169
b619C,2021-07-29,283959,190
b619C,2021-07-30,283959,0
b619C,2021-07-31,284187,227
b619C,2021-08-01,284383,196
b619C,2021-08-02,284572,189
b619C,2021-08-03,284780,208
b619C,2021-08-04,284780,0
b619C,2021-08-05,284970,190
b619C,2021-08-06,285179,208
b619C,2021-08-07,285382,202
b619C,2021-08-08,285611,229
b619C,2021-08-09,285838,227
b619C,2021-08-10,286063,224
b619C,2021-08-11,286232,169
b619C,2021-08-12,286415,182
b619C,2021-08-13,286604,189
b619C,2021-08-14,286604,0
b619C,2021-08-15,286813,209
b619C,2021-08-16,287003,189
b619C,2021-08-17,287003,0
b619C,2021-08-18,287226,223
b619C,2021-08-19,287419,192
b619C,2021-08-20,287635,216
b619C,2021-08-21,287839,203
b619C,2021-08-22,288020,181
b619C,2021-08-23,288241,220
b619C,2021-08-24,288447,206
b619C,2021-08-25,288654,206
b619C,2021-08-26,288855,200
b619C,2021-08-27,289024,169
b619C,2021-08-28,289024,0
b619C,2021-08-29,289024,0
b619C,2021-08-30,289247,222
b619C,2021-08-31,289488,240
b619C,2021-09-01,289488,0
b619C,2021-09-02,289651,163
b619C,2021-09-03,289842,190
b619C,2021-09-04,290052,210
b619C,2021-09-05,290206,153
b619C,2021-09-06,290407,201
b619C,2021-09-07,290627,220
b619C,2021-09-08,290627,0
b619C,2021-09-09,290794,166
b619C,2021-09-10,290996,202
b619C,2021-09-11,291172,175
b619C,2021-09-12,291417,245
b619C,2021-09-13,291609,191
b619C,2021-09-14,291806,197
b619C,2021-09-15,291991,184
b619C,2021-09-16,292200,208
b619C,2021-09-17,292413,213
b619C,2021-09-18,292615,201
b619C,2021-09-19,292819,204
b619C,2021-09-20,292819,0
b619C,2021-09-21,292989,169
b619C,2021-09-22,293196,206
b619C,2021-09-23,293386,190
b619C,2021-09-24,293581,195
b619C,2021-09-25,293754,172
b619C,2021-09-26,293984,229
b619C,2021-09-27,294192,207
b619C,2021-09-28,294404,211
b619C,2021-09-29,294572,168
b619C,2021-09-30,294751,179
b619C,2021-10-01,294941,189
b619C,2021-10-02,295206,265
b619C,2021-10-03,295206,0
b619C,2021-10-04,295426,219
b619C,2021-10-05,295658,232
b619C,2021-10-06,295816,157
b619C,2021-10-07,296039,223
b619C,2021-10-08,296210,170
b619C,2021-10-09,296372,161
b619C,2021-10-10,296561,189
b619C,2021-10-11,296772,211
b619C,2021-10-12,296986,213
b619C,2021-10-13,297185,199
b619C,2021-10-14,297342,157
b619C,2021-10-15,297526,183
b619C,2021-10-16,297729,203
b619C,2021-10-17,297940,211
b619C,2021-10-18,298128,188
b619C,2021-10-19,298383,254
b619C,2021-10-20,298585,202
b619C,2021-10-21,298765,179
b619C,2021-10-22,298945,179
b619C,2021-10-23,299130,185
b619C,2021-10-24,299360,230
b619C,2021-10-25,299556,195
b619C,2021-10-26,299759,203
b619C,2021-10-27,299946,187
b619C,2021-10-28,300151,204
b619C,2021-10-29,300360,208
b619C,2021-10-30,300559,199
b619C,2021-10-31,300764,204
b619C,2021-11-01,300982,218
b619C,2021-11-02,301177,195
b619C,2021-11-03,301391,213
b619C,2021-11-04,301391,0
b619C,2021-11-05,301583,191
b619C,2021-11-06,301808,225
b619C,2021-11-07,302026,217
b619C,2021-11-08,302225,198
b619C,2021-11-09,302381,156
b619C,2021-11-10,302381,0
b619C,2021-11-11,302598,216
b619C,2021-11-12,302768,169
b619C,2021-11-13,302946,178
b619C,2021-11-14,303138,191
b619C,2021-11-15,303335,197
b619C,2021-11-16,303493,157
b619C,2021-11-17,303694,201
b619C,2021-11-18,303893,198
b619C,2021-11-19,304115,221
b619C,2021-11-20,304307,192
b619C,2021-11-21,304530,222
b619C,2021-11-22,304722,192
b619C,2021-11-23,304940,218
b619C,2021-11-24,305141,200
b619C,2021-11-25,305358,216
b619C,2021-11-26,305569,211
b619C,2021-11-27,305756,187
b619C,2021-11-28,305950,194
b619C,2021-11-29,306165,214
b619C,2021-11-30,306359,194
b619C,2021-12-01,306574,214
b619C,2021-12-02,306768,193
b619C,2021-12-03,306964,196
b619C,2021-12-04,307145,180
b619C,2021-12-05,307356,211
b619C,2021-12-06,307592,235
b619C,2021-12-07,307801,209
b619C,2021-12-08,307969,168
b619C,2021-12-09,308188,219
b619C,2021-12-10,308411,222
b619C,2021-12-11,308587,176
b619C,2021-12-12,308783,195
b619C,2021-12-13,308985,202
b619C,2021-12-14,309188,203
b619C,2021-12-15,309433,245
b619C,2021-12-16,309632,198
b619C,2021-12-17,309832,200
b619C,2021-12-18,310029,196
b619C,2021-12-19,310029,0
b619C,2021-12-20,310225,195
b619C,2021-12-21,310393,167
b619C,2021-12-22,310591,198
b619C,2021-12-23,310800,208
b619C,2021-12-24,310998,197
b619C,2021-12-25,311225,227
b619C,2021-12-26,311394,168
b619C,2021-12-27,311568,174
b619C,2021-12-28,311780,211
b619C,2021-12-29,311953,172
b619C,2021-12-30,312117,163
b619C,2021-12-31,312286,169
b619C,2022-01-01,312495,208
b619C,2022-01-02,312677,182
b619C,2022-01-03,312677,0
b619C,2022-01-04,312921,243
b619C,2022-01-05,313125,203
b619C,2022-01-06,313324,199
b619C,2022-01-07,313514,189
b619C,2022-01-08,313722,208
b619C,2022-01-09,313947,224
b619C,2022-01-10,313947,0
b619C,2022-01-11,314112,165
b619C,2022-01-12,314335,223
b619C,2022-01-13,314555,219
b619C,2022-01-14,314739,184
b619C,2022-01-15,314973,233
b619C,2022-01-16,315145,171
b619C,2022-01-17,315360,215
b619C,2022-01-18,315511,150
b619C,2022-01-19,315696,185
b619C,2022-01-20,315920,223
b619C,2022-01-21,316105,185
b619C,2022-01-22,316313,208
b619C,2022-01-23,316541,227
b619C,2022-01-24,316750,209
b619C,2022-01-25,316925,174
b619C,2022-01-26,317095,169
b619C,2022-01-27,317322,226
b619C,2022-01-28,317511,189
b619C,2022-01-29,317675,163
b619C,2022-01-30,317851,176
b619C,2022-01-31,318039,188
b619C,2022-02-01,318230,190
b619C,2022-02-02,318435,205
b619C,2022-02-03,318642,206
b619C,2022-02-04,318852,210
b619C,2022-02-05,319069,216
b619C,2022-02-06,319268,199
b619C,2022-02-07,319449,180
b619C,2022-02-08,319619,170
b619C,2022-02-09,319823,204
b619C,2022-02-10,320042,218
b619C,2022-02-11,320230,188
b619C,2022-02-12,320468,238
b619C,2022-02-13,320676,207
b619C,2022-02-14,320862,185
b619C,2022-02-15,321082,220
b619C,2022-02-16,321287,205
b619C,2022-02-17,321287,0
b619C,2022-02-18,321473,185
b619C,2022-02-19,321660,187
b619C,2022-02-20,321860,199
b619C,2022-02-21,322052,191
b619C,2022-02-22,322244,191
b619C,2022-02-23,322455,211
b619C,2022-02-24,322455,0
b619C,2022-02-25,322670,215
b619C,2022-02-26,322881,210
b619C,2022-02-27,323095,213
b619C,2022-02-28,323264,169
b619C,2022-03-01,323449,185
b619C,2022-03-02,323608,158
b619C,2022-03-03,323608,0
b619C,2022-03-04,323785,176
b619C,2022-03-05,324015,230
b619C,2022-03-06,324230,214
b619C,2022-03-07,324230,0
b619C,2022-03-08,324402,172
b619C,2022-03-09,324402,0
b619C,2022-03-10,324577,174
b619C,2022-03-11,324764,187
b619C,2022-03-12,324989,224
b619C,2022-03-13,325172,183
b619C,2022-03-14,325389,217
b619C,2022-03-15,325389,0
b619C,2022-03-16,325588,198
b619C,2022-03-17,325755,166
b619C,2022-03-18,325945,190
b619C,2022-03-19,326152,206
b619C,2022-03-20,326365,213
b619C,2022-03-21,326539,173
b619C,2022-03-22,326745,206
b619C,2022-03-23,326745,0
b619C,2022-03-24,326936,190
b619C,2022-03-25,327133,197
b619C,2022-03-26,327325,192
b619C,2022-03-27,327484,159
b619C,2022-03-28,327708,223
b619C,2022-03-29,327903,194
b619C,2022-03-30,328106,202
b619C,2022-03-31,328300,194
b619C,2022-04-01,328519,219
b619C,2022-04-02,328747,228
b619C,2022-04-03,328969,221
b619C,2022-04-04,329147,178
b619C,2022-04-05,329337,189
b619C,2022-04-06,329557,219
b619C,2022-04-07,329753,196
b619C,2022-04-08,329753,0
b619C,2022-04-09,329951,197
b619C,2022-04-10,330125,173
b619C,2022-04-11,330353,228
b619C,2022-04-12,330561,207
b619C,2022-04-13,330749,188
b619C,2022-04-14,330958,209
b619C,2022-04-15,331151,192
b619C,2022-04-16,331304,153
b619C,2022-04-17,331488,183
b619C,2022-04-18,331712,224
b619C,2022-04-19,331932,219
b619C,2022-04-20,332118,185
b619C,2022-04-21,332350,231
b619C,2022-04-22,332534,184
b619C,2022-04-23,332534,0
b619C,2022-04-24,332739,205
b619C,2022-04-25,332739,0
b619C,2022-04-26,332948,209
b619C,2022-04-27,333163,214
b619C,2022-04-28,333365,201
b619C,2022-04-29,333578,212
b619C,2022-04-30,333758,180
b619C,2022-05-01,333954,196
b619C,2022-05-02,334209,255
b619C,2022-05-03,334209,0
b619C,2022-05-04,334363,153
b619C,2022-05-05,334573,209
b619C,2022-05-06,334760,187
b619C,2022-05-07,334970,209
b619C,2022-05-08,335177,207
b619C,2022-05-09,335380,202
b619C,2022-05-10,335596,216
b619C,2022-05-11,335788,191
b619C,2022-05-12,335788,0
b619C,2022-05-13,335962,174
b619C,2022-05-14,336138,176
b619C,2022-05-15,336333,195
b619C,2022-05-16,336333,0
b619C,2022-05-17,336511,177
b619C,2022-05-18,336690,179
b619C,2022-05-19,336888,198
b619C,2022-05-20,337128,239
b619C,2022-05-21,337322,193
b619C,2022-05-22,337498,176
b619C,2022-05-23,337715,217
b619C,2022-05-24,337915,200
b619C,2022-05-25,338086,170
b619C,2022-05-26,338247,160
b619C,2022-05-27,338443,196
b619C,2022-05-28,338671,227
b619C,2022-05-29,338848,177
b619C,2022-05-30,339025,176
b619C,2022-05-31,339201,176
b619C,2022-06-01,339417,215
b619C,2022-06-02,339599,182
b619C,2022-06-03,339801,202
b619C,2022-06-04,339978,176
b619C,2022-06-05,340184,206
b619C,2022-06-06,340393,209
b619C,2022-06-07,340602,209
b619C,2022-06-08,340790,187
b619C,2022-06-09,341022,231
b619C,2022-06-10,341207,185
b619C,2022-06-11,341411,203
b619C,2022-06-12,341411,0
b619C,2022-06-13,341649,238
b619C,2022-06-14,341844,195
b619C,2022-06-15,342046,201
b619C,2022-06-16,342253,206
b619C,2022-06-17,342439,186
b619C,2022-06-18,342654,214
b619C,2022-06-19,342836,182
b619C,2022-06-20,343033,196
b619C,2022-06-21,343210,177
b619C,2022-06-22,343418,207
b619C,2022-06-23,343612,194
b619C,2022-06-24,343844,231
b619C,2022-06-25,344052,208
b619C,2022-06-26,344284,231
b619C,2022-06-27,344450,165
b619C,2022-06-28,344450,0
b619C,2022-06-29,344637,187
b619C,2022-06-30,344830,192
b619C,2022-07-01,345006,175
b619C,2022-07-02,345226,219
b619C,2022-07-03,345226,0
b619C,2022-07-04,345414,188
b619C,2022-07-05,345638,223
b619C,2022-07-06,345835,197
b619C,2022-07-07,345835,0
b619C,2022-07-08,346024,188
b619C,2022-07-09,346249,224
b619C,2022-07-10,346249,0
b619C,2022-07-11,346469,220
b619C,2022-07-12,346675,205
b619C,2022-07-13,346881,205
b619C,2022-07-14,347097,216
b619C,2022-07-15,347308,210
b619C,2022-07-16,347508,200
b619C,2022-07-17,347720,212
b619C,2022-07-18,347919,198
b619C,2022-07-19,348129,209
b619C,2022-07-20,348327,198
b619C,2022-07-21,348327,0
b619C,2022-07-22,348520,193
b619C,2022-07-23,348730,210
b619C,2022-07-24,348923,192
b619C,2022-07-25,349125,201
b619C,2022-07-26,349338,213
b619C,2022-07-27,349540,201
b619C,2022-07-28,349712,172
b619C,2022-07-29,349914,201
b619C,2022-07-30,350128,214
b619C,2022-07-31,350355,227
b619C,2022-08-01,350560,205
b619C,2022-08-02,350761,200
b619C,2022-08-03,350953,191
b619C,2022-08-04,351140,187
b619C,2022-08-05,351325,184
b619C,2022-08-06,351555,230
b619C,2022-08-07,351771,216
b619C,2022-08-08,351984,212
b619C,2022-08-09,352171,187
b619C,2022-08-10,352373,201
b619C,2022-08-11,352561,188
b619C,2022-08-12,352786,224
b619C,2022-08-13,352786,0
b619C,2022-08-14,352981,195
b619C,2022-08-15,353187,206
b619C,2022-08-16,353381,194
b619C,2022-08-17,353591,210
b619C,2022-08-18,353797,205
b619C,2022-08-19,353956,158
b619C,2022-08-20,354166,209
b619C,2022-08-21,354166,0
b619C,2022-08-22,354360,194
b619C,2022-08-23,354561,200
b619C,2022-08-24,354783,221
b619C,2022-08-25,354975,191
b619C,2022-08-26,355165,190
b619C,2022-08-27,355165,0
b619C,2022-08-28,355368,202
b619C,2022-08-29,355587,219
b619C,2022-08-30,355813,226
b619C,2022-08-31,355813,0
b619C,2022-09-01,356026,212
b619C,2022-09-02,356214,188
b619C,2022-09-03,356413,199
b619C,2022-09-04,356642,228
b619C,2022-09-05,356862,220
b619C,2022-09-06,357062,200
b619C,2022-09-07,357261,198
b619C,2022-09-08,357466,204
b619C,2022-09-09,357466,0
b619C,2022-09-10,357466,0
b619C,2022-09-11,357466,0
b619C,2022-09-12,357665,199
b619C,2022-09-13,357847,182
b619C,2022-09-14,357847,0
b619C,2022-09-15,358024,177
b619C,2022-09-16,358206,181
b619C,2022-09-17,358389,183
b619C,2022-09-18,358575,186
b619C,2022-09-19,358575,0
b619C,2022-09-20,358738,162
b619C,2022-09-21,358956,217
b619C,2022-09-22,359148,192
b619C,2022-09-23,359353,205
b619C,2022-09-24,359543,189
b619C,2022-09-25,359741,198
b619C,2022-09-26,359918,176
b619C,2022-09-27,360085,167
b619C,2022-09-28,360306,220
b619C,2022-09-29,360491,185
b619C,2022-09-30,360700,209
b619C,2022-10-01,360898,197
b619C,2022-10-02,361075,176
b619C,2022-10-03,361267,191
b619C,2022-10-04,361502,234
b619C,2022-10-05,361665,163
b619C,2022-10-06,361839,173
b619C,2022-10-07,362022,183
b619C,2022-10-08,362225,203
b619C,2022-10-09,362435,209
b619C,2022-10-10,362621,186
b619C,2022-10-11,362788,166
b619C,2022-10-12,362985,196
b619C,2022-10-13,363202,217
b619C,2022-10-14,363369,166
b619C,2022-10-15,363500,131
b619C,2022-10-16,363687,186
b619C,2022-10-17,363889,202
b619C,2022-10-18,364092,202
b619C,2022-10-19,364303,211
b619C,2022-10-20,364500,196
b619C,2022-10-21,364679,179
b619C,2022-10-22,364891,211
b619C,2022-10-23,365079,188
b619C,2022-10-24,365337,257
b619C,2022-10-25,365553,215
b619C,2022-10-26,365727,174
b619C,2022-10-27,365922,195
b619C,2022-10-28,366133,210
b619C,2022-10-29,366344,210
b619C,2022-10-30,366548,204
b619C,2022-10-31,366763,214
b619C,2022-11-01,366991,227
b619C,2022-11-02,367191,200
b619C,2022-11-03,367348,157
b619C,2022-11-04,367348,0
b619C,2022-11-05,367537,189
b619C,2022-11-06,367766,228
b619C,2022-11-07,368009,243
b619C,2022-11-08,368191,182
b619C,2022-11-09,368409,217
b619C,2022-11-10,368601,192
b619C,2022-11-11,368782,181
b619C,2022-11-12,368954,171
b619C,2022-11-13,369157,202
b619C,2022-11-14,369327,169
b619C,2022-11-15,369536,208
b619C,2022-11-16,369739,203
b619C,2022-11-17,369739,0
b619C,2022-11-18,369930,191
b619C,2022-11-19,370097,166
b619C,2022-11-20,370311,214
b619C,2022-11-21,370498,186
b619C,2022-11-22,370704,206
b619C,2022-11-23,370704,0
b619C,2022-11-24,370909,204
b619C,2022-11-25,370909,0
b619C,2022-11-26,371155,246
b619C,2022-11-27,371358,202
b619C,2022-11-28,371358,0
b619C,2022-11-29,371556,198
b619C,2022-11-30,371749,193
b619C,2022-12-01,371944,194
b619C,2022-12-02,372122,177
b619C,2022-12-03,372122,0
b619C,2022-12-04,372311,189
b619C,2022-12-05,372488,176
b619C,2022-12-06,372698,210
b619C,2022-12-07,372698,0
b619C,2022-12-08,372698,0
b619C,2022-12-09,372904,205
b619C,2022-12-10,373127,223
b619C,2022-12-11,373327,200
b619C,2022-12-12,373527,199
b619C,2022-12-13,373527,0
b619C,2022-12-14,373527,0
b619C,2022-12-15,373717,189
b619C,2022-12-16,373912,195
b619C,2022-12-17,373912,0
b619C,2022-12-18,374080,168
b619C,2022-12-19,374234,153
b619C,2022-12-20,374429,195
b619C,2022-12-21,374596,167
b619C,2022-12-22,374798,201
b619C,2022-12-23,375007,208
b619C,2022-12-24,375217,210
b619C,2022-12-25,375416,198
b619C,2022-12-26,375610,193
b619C,2022-12-27,375818,207
b619C,2022-12-28,375818,0
b619C,2022-12-29,375996,178
b619C,2022-12-30,376191,195
b619C,2022-12-31,376191,0
b619C,2023-01-01,376387,195
b619C,2023-01-02,376594,206
b619C,2023-01-03,376791,197
b619C,2023-01-04,377004,213
b619C,2023-01-05,377242,237
b619C,2023-01-06,377436,193
b619C,2023-01-07,377663,226
b619C,2023-01-08,377843,180
b619C,2023-01-09,378049,205
b619C,2023-01-10,378248,199
b619C,2023-01-11,378445,196
b619C,2023-01-12,378643,198
b619C,2023-01-13,378819,175
b619C,2023-01-14,379045,226
b619C,2023-01-15,379240,194
b619C,2023-01-16,379240,0
b619C,2023-01-17,379404,164
b619C,2023-01-18,379607,202
b619C,2023-01-19,379819,212
b619C,2023-01-20,380032,213
b619C,2023-01-21,380032,0
b619C,2023-01-22,380277,245
b619C,2023-01-23,380457,179
b619C,2023-01-24,380675,218
b619C,2023-01-25,380870,194
b619C,2023-01-26,381101,231
b619C,2023-01-27,381259,157
b619C,2023-01-28,381259,0
b619C,2023-01-29,381461,201
b619C,2023-01-30,381655,194
b619C,2023-01-31,381859,203
b619C,2023-02-01,382071,211
b619C,2023-02-02,382247,176
b619C,2023-02-03,382247,0
b619C,2023-02-04,382454,206
b619C,2023-02-05,382650,196
b619C,2023-02-06,382855,205
b619C,2023-02-07,382855,0
b619C,2023-02-08,383060,205
b619C,2023-02-09,383251,190
b619C,2023-02-10,383457,206
b619C,2023-02-11,383664,206
b619C,2023-02-12,383846,182
b619C,2023-02-13,384027,180
b619C,2023-02-14,384227,199
b619C,2023-02-15,384433,206
b619C,2023-02-16,384632,199
b619C,2023-02-17,384826,193
b619C,2023-02-18,385032,206
b619C,2023-02-19,385236,203
b619C,2023-02-20,385236,0
b619C,2023-02-21,385427,191
b619C,2023-02-22,385621,193
b619C,2023-02-23,385828,206
b619C,2023-02-24,386033,204
b619C,2023-02-25,386252,219
b619C,2023-02-26,386483,231
b619C,2023-02-27,386664,180
b619C,2023-02-28,386876,212
b619C,2023-03-01,387095,218
b619C,2023-03-02,387330,235
b619C,2023-03-03,387520,190
b619C,2023-03-04,387749,228
b619C,2023-03-05,387946,197
b619C,2023-03-06,388147,200
b619C,2023-03-07,388357,210
b619C,2023-03-08,388582,224
b619C,2023-03-09,388804,222
b619C,2023-03-10,389016,211
b619C,2023-03-11,389180,164
b619C,2023-03-12,389372,191
b619C,2023-03-13,389561,189
b619C,2023-03-14,389785,223
b619C,2023-03-15,389958,173
b619C,2023-03-16,390134,175
b619C,2023-03-17,390352,217
b619C,2023-03-18,390592,239
b619C,2023-03-19,390810,218
b619C,2023-03-20,390988,177
b619C,2023-03-21,391200,212
b619C,2023-03-22,391407,206
b619C,2023-03-23,391630,222
b619C,2023-03-24,391828,198
b619C,2023-03-25,392032,203
b619C,2023-03-26,392246,213
b619C,2023-03-27,392462,216
b619C,2023-03-28,392666,204
b619C,2023-03-29,392857,191
b619C,2023-03-30,393059,201
b619C,2023-03-31,393237,178
b619C,2023-04-01,393454,217
b619C,2023-04-02,393672,217
b619C,2023-04-03,393886,214
b619C,2023-04-04,394107,221
b619C,2023-04-05,394287,179
b619C,2023-04-06,394287,0
b619C,2023-04-07,394464,176
b619C,2023-04-08,394668,204
b619C,2023-04-09,394668,0
b619C,2023-04-10,394862,193
b619C,2023-04-11,395046,184
b619C,2023-04-12,395271,224
b619C,2023-04-13,395460,189
b619C,2023-04-14,395649,189
b619C,2023-04-15,395844,194
b619C,2023-04-16,396040,195
b619C,2023-04-17,396260,220
b619C,2023-04-18,396494,233
b619C,2023-04-19,396717,222
b619C,2023-04-20,396933,215
b619C,2023-04-21,397162,229
b619C,2023-04-22,397352,190
b619C,2023-04-23,397558,205
b619C,2023-04-24,397761,203
b619C,2023-04-25,397960,198
b619C,2023-04-26,398172,212
b619C,2023-04-27,398371,199
b619C,2023-04-28,398371,0
b619C,2023-04-29,398575,203
b619C,2023-04-30,398575,0
b619C,2023-05-01,398803,228
b619C,2023-05-02,398803,0
b619C,2023-05-03,398991,188
b619C,2023-05-04,399151,159
b619C,2023-05-05,399369,217
b619C,2023-05-06,399579,209
b619C,2023-05-07,399791,212
b619C,2023-05-08,399791,0
b619C,2023-05-09,399991,200
b619C,2023-05-10,400197,205
b619C,2023-05-11,400379,181
b619C,2023-05-12,400586,207
b619C,2023-05-13,400801,215
b619C,2023-05-14,400943,142
b619C,2023-05-15,401092,148
b619C,2023-05-16,401298,206
b619C,2023-05-17,401514,216
b619C,2023-05-18,401721,206
b619C,2023-05-19,401925,203
b619C,2023-05-20,402109,183
b619C,2023-05-21,402304,195
b619C,2023-05-22,402479,175
b619C,2023-05-23,402677,198
b619C,2023-05-24,402677,0
b619C,2023-05-25,402875,197
b619C,2023-05-26,403047,171
b619C,2023-05-27,403249,202
b619C,2023-05-28,403444,195
b619C,2023-05-29,403660,215
b619C,2023-05-30,403882,222
b619C,2023-05-31,404089,206
b619C,2023-06-01,404305,216
b619C,2023-06-02,404530,225
b619C,2023-06-03,404716,185
b619C,2023-06-04,404914,197
b619C,2023-06-05,405128,214
b619C,2023-06-06,405347,219
b619C,2023-06-07,405535,188
b619C,2023-06-08,405759,223
b619C,2023-06-09,405952,193
b619C,2023-06-10,406160,207
b619C,2023-06-11,406318,158
b619C,2023-06-12,406524,205
b619C,2023-06-13,406712,188
b619C,2023-06-14,406904,192
b619C,2023-06-15,407102,197
b619C,2023-06-16,407285,183
b619C,2023-06-17,407490,204
b619C,2023-06-18,407684,193
b619C,2023-06-19,407684,0
b619C,2023-06-20,407900,215
b619C,2023-06-21,408105,204
b619C,2023-06-22,408286,181
b619C,2023-06-23,408495,209
b619C,2023-06-24,408675,180
b619C,2023-06-25,408871,195
b619C,2023-06-26,409071,200
b619C,2023-06-27,409071,0
b619C,2023-06-28,409266,195
b619C,2023-06-29,409483,217
b619C,2023-06-30,409669,185
b619C,2023-07-01,409902,233
b619C,2023-07-02,410105,202
b619C,2023-07-03,410287,181
b619C,2023-07-04,410287,0
b619C,2023-07-05,410287,0
b619C,2023-07-06,410471,184
b619C,2023-07-07,410671,200
b619C,2023-07-08,410891,220
b619C,2023-07-09,411096,204
b619C,2023-07-10,411306,209
b619C,2023-07-11,411515,208
b619C,2023-07-12,411729,214
b619C,2023-07-13,411916,186
b619C,2023-07-14,412123,207
b619C,2023-07-15,412315,192
b619C,2023-07-16,412482,166
b619C,2023-07-17,412674,192
b619C,2023-07-18,412890,215
b619C,2023-07-19,413082,191
b619C,2023-07-20,413258,175
b619C,2023-07-21,413466,208
b619C,2023-07-22,413676,209
b619C,2023-07-23,413893,217
b619C,2023-07-24,414096,202
b619C,2023-07-25,414296,200
b619C,2023-07-26,414510,213
b619C,2023-07-27,414706,196
b619C,2023-07-28,414919,212
b619C,2023-07-29,415116,197
b619C,2023-07-30,415336,220
b619C,2023-07-31,415566,230
b619C,2023-08-01,415755,188
b619C,2023-08-02,415945,189
b619C,2023-08-03,416137,192
b619C,2023-08-04,416327,190
b619C,2023-08-05,416581,253
b619C,2023-08-06,416825,243
b619C,2023-08-07,417045,219
b619C,2023-08-08,417238,192
b619C,2023-08-09,417441,203
b619C,2023-08-10,417654,212
b619C,2023-08-11,417833,179
b619C,2023-08-12,418074,240
b619C,2023-08-13,418284,210
b619C,2023-08-14,418448,164
b619C,2023-08-15,418661,212
b619C,2023-08-16,418849,188
b619C,2023-08-17,418849,0
b619C,2023-08-18,419035,185
b619C,2023-08-19,419236,201
b619C,2023-08-20,419477,241
b619C,2023-08-21,419613,135
b619C,2023-08-22,419848,234
b619C,2023-08-23,420021,173
b619C,2023-08-24,420225,203
b619C,2023-08-25,420431,206
b619C,2023-08-26,420657,226
b619C,2023-08-27,420836,179
b619C,2023-08-28,421040,203
b619C,2023-08-29,421233,193
b619C,2023-08-30,421426,192
b619C,2023-08-31,421639,212
b619C,2023-09-01,421827,188
b619C,2023-09-02,422060,232
b619C,2023-09-03,422248,187
b619C,2023-09-04,422248,0
b619C,2023-09-05,422438,190
b619C,2023-09-06,422661,223
b619C,2023-09-07,422838,176
b619C,2023-09-08,423036,198
b619C,2023-09-09,423254,217
b619C,2023-09-10,423437,182
b619C,2023-09-11,423635,198
b619C,2023-09-12,423857,221
b619C,2023-09-13,423857,0
b619C,2023-09-14,423857,0
b619C,2023-09-15,424053,196
b619C,2023-09-16,424053,0
b619C,2023-09-17,424235,181
b619C,2023-09-18,424441,205
b619C,2023-09-19,424622,181
b619C,2023-09-20,424840,217
b619C,2023-09-21,425030,189
b619C,2023-09-22,425218,188
b619C,2023-09-23,425442,223
b619C,2023-09-24,425665,223
b619C,2023-09-25,425885,219
b619C,2023-09-26,426099,214
b619C,2023-09-27,426275,175
b619C,2023-09-28,426461,185
b619C,2023-09-29,426643,182
b619C,2023-09-30,426870,227
b619C,2023-10-01,427056,185
b619C,2023-10-02,427272,215
b619C,2023-10-03,427489,217
b619C,2023-10-04,427683,194
b619C,2023-10-05,427882,198
b619C,2023-10-06,428128,245
b619C,2023-10-07,428340,212
b619C,2023-10-08,428560,220
b619C,2023-10-09,428779,218
b619C,2023-10-10,428968,188
b619C,2023-10-11,429129,161
b619C,2023-10-12,429324,194
b619C,2023-10-13,429324,0
b619C,2023-10-14,429500,176
b619C,2023-10-15,429727,226
b619C,2023-10-16,429925,198
b619C,2023-10-17,429925,0
b619C,2023-10-18,430147,221
b619C,2023-10-19,430147,0
b619C,2023-10-20,430334,187
b619C,2023-10-21,430532,198
b619C,2023-10-22,430705,172
b619C,2023-10-23,430895,190
b619C,2023-10-24,431074,178
b619C,2023-10-25,431260,186
b619C,2023-10-26,431509,248
b619C,2023-10-27,431701,191
b619C,2023-10-28,431899,198
b619C,2023-10-29,432074,174
b619C,2023-10-30,432264,190
b619C,2023-10-31,432488,224
b619C,2023-11-01,432488,0
b619C,2023-11-02,432488,0
b619C,2023-11-03,432668,179
b619C,2023-11-04,432883,215
b619C,2023-11-05,432883,0
b619C,2023-11-06,433085,202
b619C,2023-11-07,433285,199
b619C,2023-11-08,433473,187
b619C,2023-11-09,433694,221
b619C,2023-11-10,433694,0
b619C,2023-11-11,433886,191
b619C,2023-11-12,434122,235
b619C,2023-11-13,434322,199
b619C,2023-11-14,434529,207
b619C,2023-11-15,434720,190
b619C,2023-11-16,434906,186
b619C,2023-11-17,434906,0
b619C,2023-11-18,435083,176
b619C,2023-11-19,435292,208
b619C,2023-11-20,435518,226
b619C,2023-11-21,435701,182
b619C,2023-11-22,435903,201
b619C,2023-11-23,436120,217
b619C,2023-11-24,436297,177
b619C,2023-11-25,436496,198
b619C,2023-11-26,436717,220
b619C,2023-11-27,436931,214
b619C,2023-11-28,437112,180
b619C,2023-11-29,437345,233
b619C,2023-11-30,437345,0
b619C,2023-12-01,437548,202
b619C,2023-12-02,437762,214
b619C,2023-12-03,437946,183
b619C,2023-12-04,438142,195
b619C,2023-12-05,438355,213
b619C,2023-12-06,438355,0
b619C,2023-12-07,438597,242
b619C,2023-12-08,438786,188
b619C,2023-12-09,438979,192
b619C,2023-12-10,439181,201
b619C,2023-12-11,439408,226
b619C,2023-12-12,439597,189
b619C,2023-12-13,439778,181
b619C,2023-12-14,439974,195
b619C,2023-12-15,440156,181
b619C,2023-12-16,440377,221
b619C,2023-12-17,440580,203
b619C,2023-12-18,440803,222
b619C,2023-12-19,440982,178
b619C,2023-12-20,441205,223
b619C,2023-12-21,441411,206
b619C,2023-12-22,441411,0
b619C,2023-12-23,441411,0
b619C,2023-12-24,441609,197
b619C,2023-12-25,441827,218
b619C,2023-12-26,441975,147
b619C,2023-12-27,442168,192
b619C,2023-12-28,442372,204
b619C,2023-12-29,442559,187
b619C,2023-12-30,442738,178
b619C,2023-12-31,442934,195
b619C,2024-01-01,443136,201
b619C,2024-01-02,443361,225
b619C,2024-01-03,443561,200
b619C,2024-01-04,443768,206
b619C,2024-01-05,443768,0
b619C,2024-01-06,443768,0
b619C,2024-01-07,443768,0
b619C,2024-01-08,443958,190
b619C,2024-01-09,444171,212
b619C,2024-01-10,444353,182
b619C,2024-01-11,444568,214
b619C,2024-01-12,444789,220
b619C,2024-01-13,444978,189
b619C,2024-01-14,445213,235
b619C,2024-01-15,445443,229
b619C,2024-01-16,445640,196
b619C,2024-01-17,445844,204
b619C,2024-01-18,446057,212
b619C,2024-01-19,446219,162
b619C,2024-01-20,446400,180
b619C,2024-01-21,446611,211
b619C,2024-01-22,446815,203
b619C,2024-01-23,446998,182
b619C,2024-01-24,447180,182
b619C,2024-01-25,447351,171
b619C,2024-01-26,447552,200
b619C,2024-01-27,447749,197
b619C,2024-01-28,447942,193
b619C,2024-01-29,448121,179
b619C,2024-01-30,448121,0
b619C,2024-01-31,448313,191
b619C,2024-02-01,448533,220
b619C,2024-02-02,448721,187
b619C,2024-02-03,448934,212
b619C,2024-02-04,449148,213
b619C,2024-02-05,449390,242
b619C,2024-02-06,449390,0
b619C,2024-02-07,449593,202
b619C,2024-02-08,449593,0
b619C,2024-02-09,449813,219
b619C,2024-02-10,449813,0
b619C,2024-02-11,450042,229
b619C,2024-02-12,450252,210
b619C,2024-02-13,450467,215
b619C,2024-02-14,450666,198
b619C,2024-02-15,450853,187
b619C,2024-02-16,451077,223
b619C,2024-02-17,451237,159
b619C,2024-02-18,451437,200
b619C,2024-02-19,451437,0
b619C,2024-02-20,451628,190
b619C,2024-02-21,451830,202
b619C,2024-02-22,452016,186
b619C,2024-02-23,452217,200
b619C,2024-02-24,452401,184
b619C,2024-02-25,452596,194
b619C,2024-02-26,452795,199
b619C,2024-02-27,452981,186
b619C,2024-02-28,453184,202
b619C,2024-02-29,453394,209
b619C,2024-03-01,453623,228
b619C,2024-03-02,453830,207
b619C,2024-03-03,453830,0
b619C,2024-03-04,454062,231
b619C,2024-03-05,454299,237
b619C,2024-03-06,454466,166
b619C,2024-03-07,454662,195
b619C,2024-03-08,454896,234
b619C,2024-03-09,454896,0
b619C,2024-03-10,455092,196
b619C,2024-03-11,455092,0
b619C,2024-03-12,455092,0
b619C,2024-03-13,455092,0
b619C,2024-03-14,455284,191
b619C,2024-03-15,455520,235
b619C,2024-03-16,455520,0
b619C,2024-03-17,455717,197
b619C,2024-03-18,455910,192
b619C,2024-03-19,456145,234
b619C,2024-03-20,456366,221
b619C,2024-03-21,456541,175
b619C,2024-03-22,456721,180
b619C,2024-03-23,456917,195
b619C,2024-03-24,457116,199
b619C,2024-03-25,457307,191
b619C,2024-03-26,457509,201
b619C,2024-03-27,457721,212
b619C,2024-03-28,457907,185
b619C,2024-03-29,458099,192
b619C,2024-03-30,458288,189
b619C,2024-03-31,458463,175
b619C,2024-04-01,458681,217
b619C,2024-04-02,458681,0
b619C,2024-04-03,458869,187
b619C,2024-04-04,458869,0
b619C,2024-04-05,458869,0
b619C,2024-04-06,459102,233
b619C,2024-04-07,459282,179
b619C,2024-04-08,459476,194
b619C,2024-04-09,459681,204
b619C,2024-04-10,459872,190
b619C,2024-04-11,460077,204
b619C,2024-04-12,460271,194
b619C,2024-04-13,460488,217
b619C,2024-04-14,460664,175
b619C,2024-04-15,460878,213
b619C,2024-04-16,461089,211
b619C,2024-04-17,461344,254
b619C,2024-04-18,461344,0
b619C,2024-04-19,461547,202
b619C,2024-04-20,461761,213
b619C,2024-04-21,461979,217
b619C,2024-04-22,462179,199
b619C,2024-04-23,462390,211
b619C,2024-04-24,462563,172
b619C,2024-04-25,462774,210
b619C,2024-04-26,462970,196
b619C,2024-04-27,463147,176
b619C,2024-04-28,463366,219
b619C,2024-04-29,463563,196
b619C,2024-04-30,463734,171
b619C,2024-05-01,463960,226
b619C,2024-05-02,464164,203
b619C,2024-05-03,464348,184
b619C,2024-05-04,464348,0
b619C,2024-05-05,464562,214
b619C,2024-05-06,464741,178
b619C,2024-05-07,464969,228
b619C,2024-05-08,465145,176
b619C,2024-05-09,465318,173
b619C,2024-05-10,465556,237
b619C,2024-05-11,465777,220
b619C,2024-05-12,465961,184
b619C,2024-05-13,466135,173
b619C,2024-05-14,466350,215
b619C,2024-05-15,466350,0
b619C,2024-05-16,466350,0
b619C,2024-05-17,466537,187
b619C,2024-05-18,466732,194
b619C,2024-05-19,466934,202
b619C,2024-05-20,467141,206
b619C,2024-05-21,467333,191
b619C,2024-05-22,467518,185
b619C,2024-05-23,467711,192
b619C,2024-05-24,467929,218
b619C,2024-05-25,468110,180
b619C,2024-05-26,468110,0
b619C,2024-05-27,468339,228
b619C,2024-05-28,468565,226
b619C,2024-05-29,468732,166
b619C,2024-05-30,468926,193
b619C,2024-05-31,468926,0
b619C,2024-06-01,469157,231
b619C,2024-06-02,469328,171
b619C,2024-06-03,469530,202
b619C,2024-06-04,469729,198
b619C,2024-06-05,469893,163
b619C,2024-06-06,470075,182
b619C,2024-06-07,470247,171
b619C,2024-06-08,470468,221
b619C,2024-06-09,470671,202
b619C,2024-06-10,470880,209
b619C,2024-06-11,471082,201
b619C,2024-06-12,471271,188
b619C,2024-06-13,471478,207
b619C,2024-06-14,471699,220
b619C,2024-06-15,471889,190
b619C,2024-06-16,472065,175
b619C,2024-06-17,472245,180
b619C,2024-06-18,472461,215
b619C,2024-06-19,472649,188
b619C,2024-06-20,472865,215
b619C,2024-06-21,473073,208
b619C,2024-06-22,473273,199
b619C,2024-06-23,473273,0
b619C,2024-06-24,473468,195
b619C,2024-06-25,473677,209
b619C,2024-06-26,473677,0
b619C,2024-06-27,473865,187
b619C,2024-06-28,474082,216
b619C,2024-06-29,474282,200
b619C,2024-06-30,474282,0
b619C,2024-07-01,474463,181
b619C,2024-07-02,474463,0
b619C,2024-07-03,474649,185
b619C,2024-07-04,474862,213
b619C,2024-07-05,475071,208
b619C,2024-07-06,475291,219
b619C,2024-07-07,475520,229
b619C,2024-07-08,475705,184
b619C,2024-07-09,475940,235
b619C,2024-07-10,475940,0
b619C,2024-07-11,476138,197
b619C,2024-07-12,476138,0
b619C,2024-07-13,476338,200
b619C,2024-07-14,476556,217
b619C,2024-07-15,476752,195
b619C,2024-07-16,476959,206
b619C,2024-07-17,477188,229
b619C,2024-07-18,477385,196
b619C,2024-07-19,477578,193
b619C,2024-07-20,477795,216
b619C,2024-07-21,477998,202
b619C,2024-07-22,477998,0
b619C,2024-07-23,478165,167
b619C,2024-07-24,478165,0
b619C,2024-07-25,478355,189
b619C,2024-07-26,478565,209
b619C,2024-07-27,478792,227
b619C,2024-07-28,478996,203
b619C,2024-07-29,479203,207
b619C,2024-07-30,479385,182
b619C,2024-07-31,479597,211
b619C,2024-08-01,479813,216
b619C,2024-08-02,480020,207
b619C,2024-08-03,480203,182
b619C,2024-08-04,480388,185
b619C,2024-08-05,480546,158
b619C,2024-08-06,480754,208
b619C,2024-08-07,480963,209
b619C,2024-08-08,481116,152
b619C,2024-08-09,481342,226
b619C,2024-08-10,481548,206
b619C,2024-08-11,481750,202
b619C,2024-08-12,481933,182
b619C,2024-08-13,482120,187
b619C,2024-08-14,482120,0
b619C,2024-08-15,482265,145
b619C,2024-08-16,482478,212
b619C,2024-08-17,482683,205
b619C,2024-08-18,482904,221
b619C,2024-08-19,483096,191
b619C,2024-08-20,483317,221
b619C,2024-08-21,483501,183
b619C,2024-08-22,483710,208
b619C,2024-08-23,483924,214
b619C,2024-08-24,484120,195
b619C,2024-08-25,484314,193
b619C,2024-08-26,484492,177
b619C,2024-08-27,484679,187
b619C,2024-08-28,484873,194
b619C,2024-08-29,485080,206
b619C,2024-08-30,485268,188
b619C,2024-08-31,485485,217
b619C,2024-09-01,485648,163
b619C,2024-09-02,485841,193
b619C,2024-09-03,486052,210
b619C,2024-09-04,486269,216
b619C,2024-09-05,486473,204
b619C,2024-09-06,486473,0
b619C,2024-09-07,486687,214
b619C,2024-09-08,486911,224
b619C,2024-09-09,487108,197
b619C,2024-09-10,487293,184
b619C,2024-09-11,487486,193
b619C,2024-09-12,487668,181
b619C,2024-09-13,487851,183
b619C,2024-09-14,488059,207
b619C,2024-09-15,488268,208
b619C,2024-09-16,488453,184
b619C,2024-09-17,488662,209
b619C,2024-09-18,488855,192
b619C,2024-09-19,489051,196
b619C,2024-09-20,489257,205
b619C,2024-09-21,489257,0
b619C,2024-09-22,489453,196
b619C,2024-09-23,489663,209
b619C,2024-09-24,489859,196
b619C,2024-09-25,490061,202
b619C,2024-09-26,490257,196
b619C,2024-09-27,490454,196
b619C,2024-09-28,490644,189
b619C,2024-09-29,490859,215
b619C,2024-09-30,491071,211
b619C,2024-10-01,491282,211
b619C,2024-10-02,491466,183
b619C,2024-10-03,491682,216
b619C,2024-10-04,491889,207
b619C,2024-10-05,492096,206
b619C,2024-10-06,492279,182
b619C,2024-10-07,492464,185
b619C,2024-10-08,492464,0
b619C,2024-10-09,492658,193
b619C,2024-10-10,492846,187
b619C,2024-10-11,493053,206
b619C,2024-10-12,493251,198
b619C,2024-10-13,493251,0
b619C,2024-10-14,493432,180
b619C,2024-10-15,493632,200
b619C,2024-10-16,493838,205
b619C,2024-10-17,494035,197
b619C,2024-10-18,494238,202
b619C,2024-10-19,494440,202
b619C,2024-10-20,494636,195
b619C,2024-10-21,494831,195
b619C,2024-10-22,495004,172
b619C,2024-10-23,495214,210
b619C,2024-10-24,495412,198
b619C,2024-10-25,495625,213
b619C,2024-10-26,495818,192
b619C,2024-10-27,496012,194
b619C,2024-10-28,496012,0
b619C,2024-10-29,496174,162
b619C,2024-10-30,496334,159
b619C,2024-10-31,496537,203
b619C,2024-11-01,496537,0
b619C,2024-11-02,496727,189
b619C,2024-11-03,496960,232
b619C,2024-11-04,497172,212
b619C,2024-11-05,497366,194
b619C,2024-11-06,497589,222
b619C,2024-11-07,497589,0
b619C,2024-11-08,497774,185
b619C,2024-11-09,497774,0
b619C,2024-11-10,497977,203
b619C,2024-11-11,498178,201
b619C,2024-11-12,498377,198
b619C,2024-11-13,498588,211
b619C,2024-11-14,498785,197
b619C,2024-11-15,498976,190
b619C,2024-11-16,499184,207
b619C,2024-11-17,499381,196
b619C,2024-11-18,499596,215
b619C,2024-11-19,499832,236
b619C,2024-11-20,499832,0
b619C,2024-11-21,500002,169
b619C,2024-11-22,500002,0
b619C,2024-11-23,500223,221
b619C,2024-11-24,500419,195
b619C,2024-11-25,500419,0
b619C,2024-11-26,500419,0
b619C,2024-11-27,500633,214
b619C,2024-11-28,500869,235
b619C,2024-11-29,501082,213
b619C,2024-11-30,501272,189
b619C,2024-12-01,501466,194
b619C,2024-12-02,501643,177
b619C,2024-12-03,501840,196
b619C,2024-12-04,502045,205
b619C,2024-12-05,502265,219
b619C,2024-12-06,502265,0
b619C,2024-12-07,502439,174
b619C,2024-12-08,502625,186
b619C,2024-12-09,502625,0
b619C,2024-12-10,502845,219
b619C,2024-12-11,502845,0
b619C,2024-12-12,503018,173
b619C,2024-12-13,503231,213
b619C,2024-12-14,503429,197
b619C,2024-12-15,503651,222
b619C,2024-12-16,503830,178
b619C,2024-12-17,504026,196
b619C,2024-12-18,504234,207
b619C,2024-12-19,504446,212
b619C,2024-12-20,504647,200
b619C,2024-12-21,504856,209
b619C,2024-12-22,505054,197
b619C,2024-12-23,505276,222
b619C,2024-12-24,505453,177
b619C,2024-12-25,505631,177
b619C,2024-12-26,505840,208
b619C,2024-12-27,506039,198
b619C,2024-12-28,506295,256
b619C,2024-12-29,506486,190
b619C,2024-12-30,506665,179
b619C,2024-12-31,506882,216
b619C,2025-01-01,507100,217
